{
	"class_name" : "PinholeCameraParameters",
	"extrinsic" : 
	[
		1.0,
		-0.0,
		-0.0,
		0.0,
		0.0,
		-1.0,
		-0.0,
		0.0,
		0.0,
		-0.0,
		-1.0,
		0.0,
		-0.39499066092160179,
		0.40131360893549389,
		3.1871642228961932,
		1.0
	],
	"intrinsic" : 
	{
		"height" : 749,
		"intrinsic_matrix" : 
		[
			648.65302743454458,
			0.0,
			0.0,
			0.0,
			648.65302743454458,
			0.0,
			684.5,
			374.0,
			1.0
		],
		"width" : 1370
	},
	"version_major" : 1,
	"version_minor" : 0
}